{
    "left_camera_matrix": [
        [
            2731.750035865799,
            0.0,
            753.6165706131563
        ],
        [
            0.0,
            2908.5264659007194,
            426.9068527862494
        ],
        [
            0.0,
            0.0,
            1.0
        ]
    ],
    "left_dist": [
        [
            0.007746416546598283,
            -8.251027767537945,
            0.004080176173040787,
            -0.02051419525652156,
            77.67851462985685
        ]
    ],
    "right_camera_matrix": [
        [
            3021.6537582454184,
            0.0,
            609.459873872003
        ],
        [
            0.0,
            3048.088187556606,
            580.2828487528277
        ],
        [
            0.0,
            0.0,
            1.0
        ]
    ],
    "right_dist": [
        [
            -0.7722497027868782,
            20.36417492275506,
            0.003870800370543321,
            0.010466013730057034,
            -220.6301401335802
        ]
    ]
}