{
    "rotation": [
        [
            -0.286593785791618,
            -0.002149879855231033,
            0.9580497794802921
        ],
        [
            0.00701543411157403,
            0.9999659623589056,
            0.004342557754834664
        ],
        [
            -0.9580265057031848,
            0.007965685170528833,
            -0.28656894847472514
        ]
    ],
    "translation": [
        [
            -616.9713872338707
        ],
        [
            -31.630464015914583
        ],
        [
            791.9218448185989
        ]
    ]
}